-- MySQL Script generated by MySQL Workbench
-- Tue May 31 16:52:32 2022
-- Model: New Model    Version: 1.0
-- MySQL Workbench Forward Engineering

SET @OLD_UNIQUE_CHECKS=@@UNIQUE_CHECKS, UNIQUE_CHECKS=0;
SET @OLD_FOREIGN_KEY_CHECKS=@@FOREIGN_KEY_CHECKS, FOREIGN_KEY_CHECKS=0;
SET @OLD_SQL_MODE=@@SQL_MODE, SQL_MODE='ONLY_FULL_GROUP_BY,STRICT_TRANS_TABLES,NO_ZERO_IN_DATE,NO_ZERO_DATE,ERROR_FOR_DIVISION_BY_ZERO,NO_ENGINE_SUBSTITUTION';

-- -----------------------------------------------------
-- Schema alumni_droits
-- -----------------------------------------------------
DROP SCHEMA IF EXISTS `alumni_droits` ;

-- -----------------------------------------------------
-- Schema alumni_droits
-- -----------------------------------------------------
CREATE SCHEMA IF NOT EXISTS `alumni_droits` DEFAULT CHARACTER SET utf8 ;
USE `alumni_droits` ;

-- -----------------------------------------------------
-- Table `alumni_droits`.`user`
-- -----------------------------------------------------
DROP TABLE IF EXISTS `alumni_droits`.`user` ;

CREATE TABLE IF NOT EXISTS `alumni_droits`.`user` (
  `id` INT NOT NULL AUTO_INCREMENT,
  `password` VARCHAR(255) NOT NULL,
  `email` VARCHAR(80) NOT NULL,
  `role` VARCHAR(5) NOT NULL DEFAULT 'user' COMMENT 'User, admin',
  `is_valid` TINYINT NULL DEFAULT 0,
  UNIQUE INDEX `email_UNIQUE` (`email` ASC) VISIBLE,
  PRIMARY KEY (`id`),
  UNIQUE INDEX `id_UNIQUE` (`id` ASC) VISIBLE);


-- -----------------------------------------------------
-- Table `alumni_droits`.`profession`
-- -----------------------------------------------------
DROP TABLE IF EXISTS `alumni_droits`.`profession` ;

CREATE TABLE IF NOT EXISTS `alumni_droits`.`profession` (
  `id` INT NOT NULL,
  `job` VARCHAR(100) NULL COMMENT 'Liste fermée fournie par le client',
  PRIMARY KEY (`id`),
  UNIQUE INDEX `job_UNIQUE` (`job` ASC) VISIBLE)
ENGINE = InnoDB;


-- -----------------------------------------------------
-- Table `alumni_droits`.`diplome`
-- -----------------------------------------------------
DROP TABLE IF EXISTS `alumni_droits`.`diplome` ;

CREATE TABLE IF NOT EXISTS `alumni_droits`.`diplome` (
  `id` INT NOT NULL,
  `title` VARCHAR(100) NULL,
  PRIMARY KEY (`id`),
  UNIQUE INDEX `title_UNIQUE` (`title` ASC) VISIBLE)
ENGINE = InnoDB;


-- -----------------------------------------------------
-- Table `alumni_droits`.`profile`
-- -----------------------------------------------------
DROP TABLE IF EXISTS `alumni_droits`.`profile` ;

CREATE TABLE IF NOT EXISTS `alumni_droits`.`profile` (
  `id` INT NOT NULL AUTO_INCREMENT,
  `user_id` INT NOT NULL,
  `lastname` VARCHAR(80) NOT NULL,
  `firstname` VARCHAR(80) NOT NULL,
  `creation_date` TIMESTAMP NOT NULL DEFAULT CURRENT_TIMESTAMP,
  `phone` VARCHAR(11) NULL,
  `emailpro` VARCHAR(80) NULL,
  `cv` VARCHAR(255) NULL,
  `profession_id1` INT NOT NULL,
  `employeur` VARCHAR(255) NULL COMMENT 'Employeur actuel',
  `poste` VARCHAR(255) NULL COMMENT '\'intitulé du poste actuel\'',
  `bio` TEXT NULL,
  `siteweb` VARCHAR(255) NULL,
  `facebook` VARCHAR(100) NULL,
  `linkedin` VARCHAR(100) NULL,
  `twitter` VARCHAR(100) NULL,
  `instagram` VARCHAR(100) NULL,
  `photo` VARCHAR(255) NULL,
  `is_private` TINYINT NOT NULL DEFAULT 1,
  PRIMARY KEY (`id`, `user_id`, `profession_id1`),
  UNIQUE INDEX `id_UNIQUE` (`id` ASC) VISIBLE,
  INDEX `fk_profile_user1_idx` (`user_id` ASC) VISIBLE,
  INDEX `fk_profile_profession1_idx` (`profession_id1` ASC) VISIBLE,
  UNIQUE INDEX `facebook_UNIQUE` (`facebook` ASC) VISIBLE,
  UNIQUE INDEX `linkedin_UNIQUE` (`linkedin` ASC) VISIBLE,
  UNIQUE INDEX `twitter_UNIQUE` (`twitter` ASC) VISIBLE,
  UNIQUE INDEX `instagram_UNIQUE` (`instagram` ASC) VISIBLE,
  UNIQUE INDEX `photo_UNIQUE` (`photo` ASC) VISIBLE,
  UNIQUE INDEX `cv_UNIQUE` (`cv` ASC) VISIBLE,
  CONSTRAINT `fk_profile_user1`
    FOREIGN KEY (`user_id`)
    REFERENCES `alumni_droits`.`user` (`id`)
    ON DELETE NO ACTION
    ON UPDATE NO ACTION,
  CONSTRAINT `fk_profile_profession1`
    FOREIGN KEY (`profession_id1`)
    REFERENCES `alumni_droits`.`profession` (`id`)
    ON DELETE NO ACTION
    ON UPDATE NO ACTION);


-- -----------------------------------------------------
-- Table `alumni_droits`.`profile_diplome`
-- -----------------------------------------------------
DROP TABLE IF EXISTS `alumni_droits`.`profile_diplome` ;

CREATE TABLE IF NOT EXISTS `alumni_droits`.`profile_diplome` (
  `profile_id` INT NOT NULL,
  `diplome_id` INT NOT NULL,
  `year` INT NOT NULL,
  PRIMARY KEY (`profile_id`, `diplome_id`),
  INDEX `fk_user_diplome_profile1_idx` (`profile_id` ASC) VISIBLE,
  CONSTRAINT `fk_user_diplome_diplome1`
    FOREIGN KEY (`diplome_id`)
    REFERENCES `alumni_droits`.`diplome` (`id`)
    ON DELETE NO ACTION
    ON UPDATE NO ACTION,
  CONSTRAINT `fk_user_diplome_profile1`
    FOREIGN KEY (`profile_id`)
    REFERENCES `alumni_droits`.`profile` (`id`)
    ON DELETE NO ACTION
    ON UPDATE NO ACTION)
ENGINE = InnoDB;


-- -----------------------------------------------------
-- Table `alumni_droits`.`profile_profession`
-- -----------------------------------------------------
DROP TABLE IF EXISTS `alumni_droits`.`profile_profession` ;

CREATE TABLE IF NOT EXISTS `alumni_droits`.`profile_profession` (
  `profile_id` INT NOT NULL,
  `profession_id` INT NOT NULL,
  PRIMARY KEY (`profile_id`, `profession_id`),
  INDEX `fk_user_profession_profession1_idx` (`profession_id` ASC) VISIBLE,
  INDEX `fk_user_profession_profile1_idx` (`profile_id` ASC) VISIBLE,
  CONSTRAINT `fk_user_profession_profession1`
    FOREIGN KEY (`profession_id`)
    REFERENCES `alumni_droits`.`profession` (`id`)
    ON DELETE NO ACTION
    ON UPDATE NO ACTION,
  CONSTRAINT `fk_user_profession_profile1`
    FOREIGN KEY (`profile_id`)
    REFERENCES `alumni_droits`.`profile` (`id`)
    ON DELETE NO ACTION
    ON UPDATE NO ACTION)
ENGINE = InnoDB;


-- -----------------------------------------------------
-- Table `alumni_droits`.`master`
-- -----------------------------------------------------
DROP TABLE IF EXISTS `alumni_droits`.`master` ;

CREATE TABLE IF NOT EXISTS `alumni_droits`.`master` (
  `profile_id` INT NOT NULL,
  `title` INT NOT NULL,
  `year` INT NOT NULL,
  `university` VARCHAR(100) NOT NULL,
  PRIMARY KEY (`profile_id`),
  INDEX `fk_user_master_profile1_idx` (`profile_id` ASC) VISIBLE,
  CONSTRAINT `fk_user_master_profile1`
    FOREIGN KEY (`profile_id`)
    REFERENCES `alumni_droits`.`profile` (`id`)
    ON DELETE NO ACTION
    ON UPDATE NO ACTION)
ENGINE = InnoDB;


SET SQL_MODE=@OLD_SQL_MODE;
SET FOREIGN_KEY_CHECKS=@OLD_FOREIGN_KEY_CHECKS;
SET UNIQUE_CHECKS=@OLD_UNIQUE_CHECKS;

-- -----------------------------------------------------
-- Data for table `alumni_droits`.`user`
-- -----------------------------------------------------
START TRANSACTION;
USE `alumni_droits`;
INSERT INTO `alumni_droits`.`user` (`id`, `password`, `email`, `role`, `is_valid`) VALUES (100, 'password', 'email@verif.com', 'admin', true);
INSERT INTO `alumni_droits`.`user` (`id`, `password`, `email`, `role`, `is_valid`) VALUES (1, 'modgftdepasse', 'email2@verif.com', 'user', true);
INSERT INTO `alumni_droits`.`user` (`id`, `password`, `email`, `role`, `is_valid`) VALUES (2, 'motdepagdsse', 'emai2@verif.com', 'user', true);
INSERT INTO `alumni_droits`.`user` (`id`, `password`, `email`, `role`, `is_valid`) VALUES (3, 'modfgtdepasse', 'emil2@verif.com', 'user', true);
INSERT INTO `alumni_droits`.`user` (`id`, `password`, `email`, `role`, `is_valid`) VALUES (4, 'motdergepasse', 'eail2@verif.com', 'user', true);
INSERT INTO `alumni_droits`.`user` (`id`, `password`, `email`, `role`, `is_valid`) VALUES (5, 'motdescpasse', 'mail2@verif.com', 'user', false);
INSERT INTO `alumni_droits`.`user` (`id`, `password`, `email`, `role`, `is_valid`) VALUES (6, 'motdepsdcasse', 'emaskdnfl2@verif.com', 'user', false);

COMMIT;


-- -----------------------------------------------------
-- Data for table `alumni_droits`.`profession`
-- -----------------------------------------------------
START TRANSACTION;
USE `alumni_droits`;
INSERT INTO `alumni_droits`.`profession` (`id`, `job`) VALUES (1, 'Administrateur judiciaire');
INSERT INTO `alumni_droits`.`profession` (`id`, `job`) VALUES (2, 'Avocat');
INSERT INTO `alumni_droits`.`profession` (`id`, `job`) VALUES (3, 'Avocat au Conseil d&apos;Etat et à la Cour de cassation');
INSERT INTO `alumni_droits`.`profession` (`id`, `job`) VALUES (4, 'Commissaire de justice');
INSERT INTO `alumni_droits`.`profession` (`id`, `job`) VALUES (5, 'Etudiant');
INSERT INTO `alumni_droits`.`profession` (`id`, `job`) VALUES (6, 'Fonctionnaire');
INSERT INTO `alumni_droits`.`profession` (`id`, `job`) VALUES (7, 'Juriste d’entreprise');
INSERT INTO `alumni_droits`.`profession` (`id`, `job`) VALUES (8, 'Magistrat');
INSERT INTO `alumni_droits`.`profession` (`id`, `job`) VALUES (9, 'Notaire');
INSERT INTO `alumni_droits`.`profession` (`id`, `job`) VALUES (10, 'Officier');
INSERT INTO `alumni_droits`.`profession` (`id`, `job`) VALUES (11, 'Universitaire');
INSERT INTO `alumni_droits`.`profession` (`id`, `job`) VALUES (12, 'Autres professions juridiques');
INSERT INTO `alumni_droits`.`profession` (`id`, `job`) VALUES (13, 'Autres professions');

COMMIT;


-- -----------------------------------------------------
-- Data for table `alumni_droits`.`diplome`
-- -----------------------------------------------------
START TRANSACTION;
USE `alumni_droits`;
INSERT INTO `alumni_droits`.`diplome` (`id`, `title`) VALUES (1, 'Diplôme du Collège de Droit');
INSERT INTO `alumni_droits`.`diplome` (`id`, `title`) VALUES (2, 'Certificat de l&apos;Ecole de Droit');
INSERT INTO `alumni_droits`.`diplome` (`id`, `title`) VALUES (3, 'Diplôme de l&apos;Ecole de Droit');

COMMIT;


-- -----------------------------------------------------
-- Data for table `alumni_droits`.`profile`
-- -----------------------------------------------------
START TRANSACTION;
USE `alumni_droits`;
INSERT INTO `alumni_droits`.`profile` (`id`, `user_id`, `lastname`, `firstname`, `creation_date`, `phone`, `emailpro`, `cv`, `profession_id1`, `employeur`, `poste`, `bio`, `siteweb`, `facebook`, `linkedin`, `twitter`, `instagram`, `photo`, `is_private`) VALUES (1, 1, 'CHARRiÈRE','Emilien','31/05/2022', '', 'emilien@alumni.com', 'http://dummyimage.com/165x100.png/dddddd/000000', 11, 'Université Paris Panthéon-Assas', 'A.T.E.R.', 'In blandit ultrices enim. Lorem ipsum dolor sit amet, consectetuer adipiscing elit. Proin interdum mauris non ligula pellentesque ultrices.', 'https://odnoklassniki.ru/posuere/cubilia/curae/duis/faucibus/accumsan.jpg', 'https://java.com/lacus/purus.xml', 'https://senate.gov/in/faucibus/orci/luctus/et/ultrices/posuere.aspx', 'http://bbc.co.uk/nunc/vestibulum/ante/ipsum/primis/in/faucibus.aspx', 'http://vistaprint.com/ut/nulla/sed/accumsan/felis.xml', 'http://dummyimage.com/161x100.png/ff4444/ffffff', false);
INSERT INTO `alumni_droits`.`profile` (`id`, `user_id`, `lastname`, `firstname`, `creation_date`, `phone`, `emailpro`, `cv`, `profession_id1`, `employeur`, `poste`, `bio`, `siteweb`, `facebook`, `linkedin`, `twitter`, `instagram`, `photo`, `is_private`) VALUES (2, 2, 'LE PAPE-GARDEUX', 'Alexandre', '31/05/2022', '', 'alexandre@alumni.com', 'http://dummyimage.com/202x100.png/5fa2dd/ffffff', 11, 'Université Paris Panthéon-Assas', 'Doctorant contractuel', 'Nulla tempus. Vivamus in felis eu sapien cursus vestibulum. Proin eu mi. Nulla ac enim. In tempor, turpis nec euismod scelerisque, quam turpis adipiscing lorem, vitae mattis nibh ligula nec sem.', 'http://macromedia.com/mattis/nibh/ligula/nec/sem.jpg', 'http://dot.gov/augue/luctus.png', 'https://google.ca/et/ultrices/posuere/cubilia/curae/mauris/viverra.js', 'http://zdnet.com/dapibus/at/diam/nam.aspx', 'https://ox.ac.uk/quam/nec.json', 'http://dummyimage.com/243x100.png/dddddd/000000', false);
INSERT INTO `alumni_droits`.`profile` (`id`, `user_id`, `lastname`, `firstname`, `creation_date`, `phone`, `emailpro`, `cv`, `profession_id1`, `employeur`, `poste`, `bio`, `siteweb`, `facebook`, `linkedin`, `twitter`, `instagram`, `photo`, `is_private`) VALUES (3, 3, 'PARMENTIER', 'Sarah', '31/05/2022', '', 'sarah@alumni.com', 'http://dummyimage.com/177x100.png/ff4444/ffffff', 5, 'CNEN, DGCL, Ministère de l’Intérieur', 'Stagiaire', 'Integer ac leo. Pellentesque ultrices mattis odio. Donec vitae nisi.', 'https://phpbb.com/nulla/tempus/vivamus/in/felis/eu.xml', 'http://t-online.de/turpis/nec.html', 'https://paginegialle.it/cum/sociis/natoque/penatibus/et/magnis.jpg', 'https://g.co/dui/maecenas.png', 'http://zdnet.com/morbi.html', 'http://dummyimage.com/149x100.png/ff4444/ffffff', true);
INSERT INTO `alumni_droits`.`profile` (`id`, `user_id`, `lastname`, `firstname`, `creation_date`, `phone`, `emailpro`, `cv`, `profession_id1`, `employeur`, `poste`, `bio`, `siteweb`, `facebook`, `linkedin`, `twitter`, `instagram`, `photo`, `is_private`) VALUES (4, 4, 'PETRILLO', 'Réan', '31/05/2022', '', 'rean@alumni.com', 'http://dummyimage.com/153x100.png/ff4444/ffffff', 8, 'ENM', 'Auditrice de Justice', 'Integer pede justo, lacinia eget, tincidunt eget, tempus vel, pede. Morbi porttitor lorem id ligula. Suspendisse ornare consequat lectus.', 'http://rediff.com/nunc/viverra/dapibus.xml', 'http://sfgate.com/hac/habitasse/platea/dictumst/aliquam.aspx', 'http://oaic.gov.au/justo/aliquam.js', 'https://parallels.com/interdum/mauris.aspx', 'https://wufoo.com/vestibulum/quam/sapien/varius.jsp', 'http://dummyimage.com/136x100.png/cc0000/ffffff', false);
INSERT INTO `alumni_droits`.`profile` (`id`, `user_id`, `lastname`, `firstname`, `creation_date`, `phone`, `emailpro`, `cv`, `profession_id1`, `employeur`, `poste`, `bio`, `siteweb`, `facebook`, `linkedin`, `twitter`, `instagram`, `photo`, `is_private`) VALUES (5, 5, 'PEROT', 'Pierre', '31/05/2022', '', 'pierre@alumni.com', 'http://dummyimage.com/237x100.png/dddddd/000000', 2, 'Cabinet Hoyng Rokh Monégier', 'Collaborateur', 'Integer tincidunt ante vel ipsum. Praesent blandit lacinia erat. Vestibulum sed magna at nunc commodo placerat.', 'null', 'https://elpais.com/convallis/duis/consequat/dui/nec/nisi.jpg', 'https://yellowpages.com/scelerisque.json', 'http://earthlink.net/vestibulum/ante/ipsum.js', 'http://4shared.com/pede/libero/quis.jpg', 'http://dummyimage.com/239x100.png/cc0000/ffffff', true);
INSERT INTO `alumni_droits`.`profile` (`id`, `user_id`, `lastname`, `firstname`, `creation_date`, `phone`, `emailpro`, `cv`, `profession_id1`, `employeur`, `poste`, `bio`, `siteweb`, `facebook`, `linkedin`, `twitter`, `instagram`, `photo`, `is_private`) VALUES (6, 6, 'CHARRiÈRE', 'Mathilde', '31/05/2022', '', 'mathilde@alumni.com', 'http://dummyimage.com/148x100.png/5fa2dd/ffffff',11, 'Université Paris Panthéon-Assas', 'Doctorante contractuelle', 'Nam ultrices, libero non mattis pulvinar, nulla pede ullamcorper augue, a suscipit nulla elit ac nulla. Sed vel enim sit amet nunc viverra dapibus. Nulla suscipit ligula in lacus. Curabitur at ipsum ac tellus semper interdum. Mauris ullamcorper purus sit amet nulla.', 'http://google.es/pede.xml', 'https://clickbank.net/sem/sed/sagittis.js', 'http://sakura.ne.jp/molestie/hendrerit/at.png', 'http://google.ca/convallis/tortor/risus.jpg', 'https://foxnews.com/dui/proin/leo/odio.html', 'http://dummyimage.com/236x100.png/ff4444/ffffff', false);
INSERT INTO `alumni_droits`.`profile` (`id`, `user_id`, `lastname`, `firstname`, `creation_date`, `phone`, `emailpro`, `cv`, `profession_id1`, `employeur`, `poste`, `bio`, `siteweb`, `facebook`, `linkedin`, `twitter`, `instagram`, `photo`, `is_private`) VALUES (7, 7, 'Deners', 'Adélie', '12/28/2021', '+502 189 678 9667', 'true@alumni.com', 'http://dummyimage.com/174x100.png/ff4444/ffffff', 7, 'ENM', 'Auditeur de Justice', 'Proin at turpis a pede posuere nonummy. Integer non velit.', 'https://purevolume.com/faucibus/orci/luctus/et/ultrices.html', 'null', 'http://unc.edu/interdum/mauris/ullamcorper/purus/sit/amet/nulla.xml', 'null', 'null', 'null', true);
INSERT INTO `alumni_droits`.`profile` (`id`, `user_id`, `lastname`, `firstname`, `creation_date`, `phone`, `emailpro`, `cv`, `profession_id1`, `employeur`, `poste`, `bio`, `siteweb`, `facebook`, `linkedin`, `twitter`, `instagram`, `photo`, `is_private`) VALUES (8, 8, 'Huxter', 'Maëlla', '7/14/2021', '+82 386 933 8619', 'false@alumni.com', 'http://dummyimage.com/108x100.png/cc0000/ffffff', 8, 'Brekke-Monahan', 'Senior Sales Associate', 'Nullam porttitor lacus at turpis. Donec posuere metus vitae ipsum. Aliquam non mauris. Morbi non lectus. Aliquam sit amet diam in magna bibendum imperdiet.', 'https://prnewswire.com/sapien/urna/pretium/nisl/ut.html', 'https://cornell.edu/ipsum/dolor/sit/amet/consectetuer/adipiscing.png', 'null', 'null', 'null', 'null', false);
INSERT INTO `alumni_droits`.`profile` (`id`, `user_id`, `lastname`, `firstname`, `creation_date`, `phone`, `emailpro`, `cv`, `profession_id1`, `employeur`, `poste`, `bio`, `siteweb`, `facebook`, `linkedin`, `twitter`, `instagram`, `photo`, `is_private`) VALUES (9, 9, 'Yanshinov', 'Dafnée', '2/24/2022', '+62 992 299 4177', 'false@alumni.com', 'http://dummyimage.com/124x100.png/dddddd/000000', 9, 'Dietrich-Grant', 'Desktop Support Technician', 'Praesent blandit lacinia erat. Vestibulum sed magna at nunc commodo placerat. Praesent blandit. Nam nulla.', 'https://ucla.edu/curabitur/in/libero/ut.html', 'https://bloglines.com/mauris/sit/amet.html', 'https://si.edu/in/lacus/curabitur/at/ipsum/ac/tellus.xml', 'http://biglobe.ne.jp/pulvinar/lobortis/est.png', 'https://chicagotribune.com/volutpat/eleifend/donec.html', 'http://dummyimage.com/223x100.png/5fa2dd/ffffff', true);
INSERT INTO `alumni_droits`.`profile` (`id`, `user_id`, `lastname`, `firstname`, `creation_date`, `phone`, `emailpro`, `cv`, `profession_id1`, `employeur`, `poste`, `bio`, `siteweb`, `facebook`, `linkedin`, `twitter`, `instagram`, `photo`, `is_private`) VALUES (10, 10, 'Morrel', 'Magdalène', '2/6/2022', '+86 543 499 8328', 'true@alumni.com', 'http://dummyimage.com/181x100.png/ff4444/ffffff', 10, 'Walker-O-Keefe', 'Information Systems Manager', 'Nullam molestie nibh in lectus. Pellentesque at nulla.', 'https://ft.com/sed/tincidunt/eu/felis/fusce.png', 'http://unc.edu/amet/consectetuer/adipiscing/elit/proin/risus.xml', 'https://livejournal.com/duis/consequat/dui/nec/nisi.aspx', 'https://reuters.com/non/interdum/in/ante/vestibulum.png', 'http://wordpress.com/nunc.jsp', 'http://dummyimage.com/174x100.png/5fa2dd/ffffff', false);
INSERT INTO `alumni_droits`.`profile` (`id`, `user_id`, `lastname`, `firstname`, `creation_date`, `phone`, `emailpro`, `cv`, `profession_id1`, `employeur`, `poste`, `bio`, `siteweb`, `facebook`, `linkedin`, `twitter`, `instagram`, `photo`, `is_private`) VALUES (11, 11, 'Shulem', 'Jú', '12/30/2021', '+7 943 397 6781', 'true@alumni.com', 'http://dummyimage.com/181x100.png/cc0000/ffffff', 11, 'Windler Inc', 'Paralegal', 'Proin eu mi. Nulla ac enim. In tempor, turpis nec euismod scelerisque, quam turpis adipiscing lorem, vitae mattis nibh ligula nec sem. Duis aliquam convallis nunc. Proin at turpis a pede posuere nonummy.', 'null', 'http://home.pl/nec/molestie.xml', 'http://themeforest.net/non/mattis/pulvinar/nulla/pede/ullamcorper.xml', 'https://seesaa.net/ligula/pellentesque/ultrices.jpg', 'https://mozilla.org/nulla/ac.html', 'http://dummyimage.com/148x100.png/ff4444/ffffff', true);
INSERT INTO `alumni_droits`.`profile` (`id`, `user_id`, `lastname`, `firstname`, `creation_date`, `phone`, `emailpro`, `cv`, `profession_id1`, `employeur`, `poste`, `bio`, `siteweb`, `facebook`, `linkedin`, `twitter`, `instagram`, `photo`, `is_private`) VALUES (12, 12, 'Storry', 'Eléonore', '3/6/2022', '+7 205 710 1329', 'true@alumni.com', 'http://dummyimage.com/105x100.png/cc0000/ffffff', 1, 'Satterfield-Bernhard', 'Biostatistician I', 'Aliquam augue quam, sollicitudin vitae, consectetuer eget, rutrum at, lorem. Integer tincidunt ante vel ipsum. Praesent blandit lacinia erat.', 'https://cam.ac.uk/commodo/vulputate/justo/in/blandit/ultrices/enim.json', 'http://theglobeandmail.com/mauris/eget/massa/tempor/convallis.jsp', 'http://utexas.edu/ante/vivamus/tortor/duis/mattis/egestas/metus.html', 'https://theguardian.com/quam/turpis/adipiscing/lorem.png', 'http://yelp.com/diam/erat/fermentum/justo.jsp', 'http://dummyimage.com/180x100.png/dddddd/000000', false);
INSERT INTO `alumni_droits`.`profile` (`id`, `user_id`, `lastname`, `firstname`, `creation_date`, `phone`, `emailpro`, `cv`, `profession_id1`, `employeur`, `poste`, `bio`, `siteweb`, `facebook`, `linkedin`, `twitter`, `instagram`, `photo`, `is_private`) VALUES (13, 13, 'Grima', 'Céline', '2/17/2022', '+63 984 922 4245', 'false@alumni.com', 'http://dummyimage.com/227x100.png/ff4444/ffffff', 3, 'Crist, Deckow and Christiansen', 'Compensation Analyst', 'Phasellus sit amet erat. Nulla tempus.', 'null', 'https://delicious.com/at/turpis/a/pede/posuere/nonummy/integer.html', 'http://about.com/tellus/semper/interdum/mauris/ullamcorper/purus/sit.png', 'http://uiuc.edu/eros/viverra.js', 'http://blogtalkradio.com/augue/a/suscipit/nulla/elit/ac.aspx', 'http://dummyimage.com/234x100.png/ff4444/ffffff', true);
INSERT INTO `alumni_droits`.`profile` (`id`, `user_id`, `lastname`, `firstname`, `creation_date`, `phone`, `emailpro`, `cv`, `profession_id1`, `employeur`, `poste`, `bio`, `siteweb`, `facebook`, `linkedin`, `twitter`, `instagram`, `photo`, `is_private`) VALUES (14, 14, 'Andrat', 'Clélia', '1/23/2022', '+30 834 642 7715', 'false@alumni.com', 'http://dummyimage.com/236x100.png/5fa2dd/ffffff', 4, 'Davis, Bosco and Mante', 'Staff Scientist', 'Donec ut dolor. Morbi vel lectus in quam fringilla rhoncus. Mauris enim leo, rhoncus sed, vestibulum sit amet, cursus id, turpis.', 'https://bandcamp.com/aliquam/sit.aspx', 'http://ifeng.com/nullam/varius/nulla/facilisi.aspx', 'https://yandex.ru/vestibulum/ante/ipsum/primis.json', 'http://unblog.fr/rutrum/nulla.aspx', 'http://liveinternet.ru/sit/amet/nunc/viverra/dapibus.js', 'http://dummyimage.com/170x100.png/ff4444/ffffff', true);
INSERT INTO `alumni_droits`.`profile` (`id`, `user_id`, `lastname`, `firstname`, `creation_date`, `phone`, `emailpro`, `cv`, `profession_id1`, `employeur`, `poste`, `bio`, `siteweb`, `facebook`, `linkedin`, `twitter`, `instagram`, `photo`, `is_private`) VALUES (15, 15, 'Bowcock', 'Uò', '5/17/2022', '+81 683 354 9735', 'false@alumni.com', 'http://dummyimage.com/181x100.png/ff4444/ffffff', 5, 'Mills-Denesik', 'Programmer II', 'Nulla suscipit ligula in lacus. Curabitur at ipsum ac tellus semper interdum. Mauris ullamcorper purus sit amet nulla.', 'null', 'https://woothemes.com/sapien/cursus/vestibulum/proin/eu/mi.js', 'http://wiley.com/tristique/fusce/congue/diam/id/ornare.xml', 'https://wikipedia.org/magnis/dis/parturient/montes/nascetur.png', 'https://deviantart.com/sapien/sapien/non/mi/integer.html', 'http://dummyimage.com/152x100.png/dddddd/000000', true);
INSERT INTO `alumni_droits`.`profile` (`id`, `user_id`, `lastname`, `firstname`, `creation_date`, `phone`, `emailpro`, `cv`, `profession_id1`, `employeur`, `poste`, `bio`, `siteweb`, `facebook`, `linkedin`, `twitter`, `instagram`, `photo`, `is_private`) VALUES (16, 16, 'Hairon', 'Magdalène', '12/7/2021', '+1 757 234 0000', 'false@alumni.com', 'http://dummyimage.com/153x100.png/cc0000/ffffff', 6, 'Bartell-Ullrich', 'Registered Nurse', 'Integer pede justo, lacinia eget, tincidunt eget, tempus vel, pede. Morbi porttitor lorem id ligula. Suspendisse ornare consequat lectus.', 'https://cisco.com/pharetra/magna/vestibulum/aliquet.png', 'null', 'https://wikispaces.com/bibendum/morbi/non.png', 'https://miibeian.gov.cn/felis/sed/interdum/venenatis/turpis/enim/blandit.jpg', 'https://freewebs.com/in/est/risus.json', 'http://dummyimage.com/136x100.png/dddddd/000000', false);
INSERT INTO `alumni_droits`.`profile` (`id`, `user_id`, `lastname`, `firstname`, `creation_date`, `phone`, `emailpro`, `cv`, `profession_id1`, `employeur`, `poste`, `bio`, `siteweb`, `facebook`, `linkedin`, `twitter`, `instagram`, `photo`, `is_private`) VALUES (17, 17, 'Jurick', 'Maëline', '1/24/2022', '+62 556 313 4857', 'false@alumni.com', 'http://dummyimage.com/211x100.png/5fa2dd/ffffff', 7, 'VonRueden, Kessler and Herzog', 'Junior Executive', 'Duis consequat dui nec nisi volutpat eleifend. Donec ut dolor. Morbi vel lectus in quam fringilla rhoncus. Mauris enim leo, rhoncus sed, vestibulum sit amet, cursus id, turpis. Integer aliquet, massa id lobortis convallis, tortor risus dapibus augue, vel accumsan tellus nisi eu orci.', 'http://apple.com/eget/congue/eget/semper.json', 'https://goo.ne.jp/orci/vehicula/condimentum/curabitur/in/libero/ut.xml', 'http://businesswire.com/ut.png', 'http://pinterest.com/dapibus.json', 'https://topsy.com/pede/morbi/porttitor/lorem/id.json', 'http://dummyimage.com/198x100.png/cc0000/ffffff', true);
INSERT INTO `alumni_droits`.`profile` (`id`, `user_id`, `lastname`, `firstname`, `creation_date`, `phone`, `emailpro`, `cv`, `profession_id1`, `employeur`, `poste`, `bio`, `siteweb`, `facebook`, `linkedin`, `twitter`, `instagram`, `photo`, `is_private`) VALUES (18, 18, 'Burnhill', 'Garçon', '3/12/2022', '+380 712 317 1863', 'false@alumni.com', 'http://dummyimage.com/149x100.png/5fa2dd/ffffff', 8, 'Boyer LLC', 'Programmer Analyst I', 'In blandit ultrices enim. Lorem ipsum dolor sit amet, consectetuer adipiscing elit. Proin interdum mauris non ligula pellentesque ultrices.', 'https://ucoz.com/rhoncus/sed/vestibulum/sit.xml', 'http://oracle.com/ac/enim/in/tempor/turpis.json', 'http://epa.gov/ut/ultrices/vel.jsp', 'http://cpanel.net/posuere/cubilia/curae/mauris/viverra.html', 'https://bizjournals.com/id/justo/sit/amet/sapien/dignissim.json', 'http://dummyimage.com/172x100.png/cc0000/ffffff', false);
INSERT INTO `alumni_droits`.`profile` (`id`, `user_id`, `lastname`, `firstname`, `creation_date`, `phone`, `emailpro`, `cv`, `profession_id1`, `employeur`, `poste`, `bio`, `siteweb`, `facebook`, `linkedin`, `twitter`, `instagram`, `photo`, `is_private`) VALUES (19, 19, 'Meiner', 'Clémentine', '12/18/2021', '+84 984 967 9723', 'false@alumni.com', 'http://dummyimage.com/139x100.png/ff4444/ffffff', 9, 'Krajcik-Dickens', 'Pharmacist', 'Cum sociis natoque penatibus et magnis dis parturient montes, nascetur ridiculus mus. Etiam vel augue. Vestibulum rutrum rutrum neque. Aenean auctor gravida sem. Praesent id massa id nisl venenatis lacinia.', 'https://buzzfeed.com/aenean/auctor/gravida/sem/praesent.xml', 'https://mtv.com/morbi/ut.xml', 'https://friendfeed.com/sollicitudin/mi/sit.jpg', 'https://ning.com/eget/orci/vehicula/condimentum.xml', 'http://independent.co.uk/luctus/tincidunt/nulla/mollis/molestie/lorem/quisque.aspx', 'http://dummyimage.com/109x100.png/dddddd/000000', false);
INSERT INTO `alumni_droits`.`profile` (`id`, `user_id`, `lastname`, `firstname`, `creation_date`, `phone`, `emailpro`, `cv`, `profession_id1`, `employeur`, `poste`, `bio`, `siteweb`, `facebook`, `linkedin`, `twitter`, `instagram`, `photo`, `is_private`) VALUES (20, 20, 'Ternault', 'Méline', '8/3/2021', '+251 332 811 3711', 'true@alumni.com', 'http://dummyimage.com/238x100.png/5fa2dd/ffffff', 10, 'Goldner Group', 'Research Assistant III', 'Nulla justo. Aliquam quis turpis eget elit sodales scelerisque. Mauris sit amet eros. Suspendisse accumsan tortor quis turpis. Sed ante.', 'null', 'https://t-online.de/luctus/cum/sociis/natoque/penatibus.png', 'http://wikia.com/vivamus/metus/arcu/adipiscing/molestie/hendrerit.jsp', 'https://livejournal.com/mauris/viverra.jsp', 'http://aol.com/pede/ac/diam/cras/pellentesque/volutpat.json', 'http://dummyimage.com/234x100.png/5fa2dd/ffffff', false);

COMMIT;

-- -----------------------------------------------------
-- Data for table `alumni_droits`.`profile_diplome`
-- -----------------------------------------------------
START TRANSACTION;
USE `alumni_droits`;
INSERT INTO `alumni_droits`.`profile_diplome` (`profile_id`, `diplome_id`, `year`) VALUES (1, 1, 2015);
INSERT INTO `alumni_droits`.`profile_diplome` (`profile_id`, `diplome_id`, `year`) VALUES (1, 2, 2016);
INSERT INTO `alumni_droits`.`profile_diplome` (`profile_id`, `diplome_id`, `year`) VALUES (2, 1, 2018);
INSERT INTO `alumni_droits`.`profile_diplome` (`profile_id`, `diplome_id`, `year`) VALUES (2, 3, 2020);
INSERT INTO `alumni_droits`.`profile_diplome` (`profile_id`, `diplome_id`, `year`) VALUES (3, 1, 2018);
INSERT INTO `alumni_droits`.`profile_diplome` (`profile_id`, `diplome_id`, `year`) VALUES (3, 3, 2020);
INSERT INTO `alumni_droits`.`profile_diplome` (`profile_id`, `diplome_id`, `year`) VALUES (4, 1, 2018);
INSERT INTO `alumni_droits`.`profile_diplome` (`profile_id`, `diplome_id`, `year`) VALUES (4, 2, 2019);
INSERT INTO `alumni_droits`.`profile_diplome` (`profile_id`, `diplome_id`, `year`) VALUES (4, 3, 2020);
INSERT INTO `alumni_droits`.`profile_diplome` (`profile_id`, `diplome_id`, `year`) VALUES (5, 1, 2012);
INSERT INTO `alumni_droits`.`profile_diplome` (`profile_id`, `diplome_id`, `year`) VALUES (5, 3, 2014);
INSERT INTO `alumni_droits`.`profile_diplome` (`profile_id`, `diplome_id`, `year`) VALUES (6, 1, 2015);

COMMIT;


-- -----------------------------------------------------
-- Data for table `alumni_droits`.`master`
-- -----------------------------------------------------
START TRANSACTION;
USE `alumni_droits`;
INSERT INTO `alumni_droits`.`master` (`profile_id`, `title`, `year`, `university`) VALUES (1, 'Master 2 DPG', 2017, 'Université Paris Panthéon-Assas');
INSERT INTO `alumni_droits`.`master` (`profile_id`, `title`, `year`, `university`) VALUES (2, 'Master 2 DPG', 2020, 'Université Paris Panthéon-Assas');
INSERT INTO `alumni_droits`.`master` (`profile_id`, `title`, `year`, `university`) VALUES (3, 'Master 2 DPE', 2020, 'Université Paris Panthéon-Assas');
INSERT INTO `alumni_droits`.`master` (`profile_id`, `title`, `year`, `university`) VALUES (3, 'Master 2 PCAS', 2021, 'Université Paris Panthéon-Assas');
INSERT INTO `alumni_droits`.`master` (`profile_id`, `title`, `year`, `university`) VALUES (4, 'Master 2 Droit pénal et sciences pénales', 2020, 'Université Paris Panthéon-Assas');
INSERT INTO `alumni_droits`.`master` (`profile_id`, `title`, `year`, `university`) VALUES (5, 'Master 2 PLAI', 2014, 'Université Paris Panthéon-Assas');
INSERT INTO `alumni_droits`.`master` (`profile_id`, `title`, `year`, `university`) VALUES (6, 'Master 2 DPG', 2017, 'Université Paris Panthéon-Assas');
INSERT INTO `alumni_droits`.`master` (`profile_id`, `title`, `year`, `university`) VALUES (6, 'Master 2 PLAI', 2018, 'Université Paris Panthéon-Assas');

COMMIT;

